"PID","ID_0","ISO","NAME_0","ID_1","NAME_1","ID_2","NAME_2","NL_NAME_2","VARNAME_2","TYPE_2","ENGTYPE_2"
29694,215,"LKA","Sri Lanka",24,"Trincomalee",317,"Thampalakamam","","Thambalagamuwa","Division","Division"
29695,215,"LKA","Sri Lanka",24,"Trincomalee",318,"Trincomalee Town and Gravets","","","Division","Division"
29696,215,"LKA","Sri Lanka",24,"Trincomalee",319,"Verugal","","Echchilampattai","Division","Division"
29697,215,"LKA","Sri Lanka",25,"Vavuniya",320,"Vavuniya North","","","Division","Division"
29698,215,"LKA","Sri Lanka",25,"Vavuniya",321,"Vavuniya South","","","Division","Division"
29699,215,"LKA","Sri Lanka",25,"Vavuniya",322,"Vavuniya","","","Division","Division"
29700,215,"LKA","Sri Lanka",25,"Vavuniya",323,"Vengalacheddiculam","","Vengalacheddikulam","Division","Division"
33476,215,"LKA","Sri Lanka",1,"Ampara",1,"Addalachchenai","","","Division","Division"
33477,215,"LKA","Sri Lanka",1,"Ampara",2,"Akkaraipattu","","","Division","Division"
33478,215,"LKA","Sri Lanka",1,"Ampara",3,"Alayadiwembu","","","Division","Division"
33479,215,"LKA","Sri Lanka",1,"Ampara",4,"Ampara","","","Division","Division"
33480,215,"LKA","Sri Lanka",1,"Ampara",5,"Damana","","","Division","Division"
33481,215,"LKA","Sri Lanka",1,"Ampara",6,"Dehiattakandiya","","","Division","Division"
33482,215,"LKA","Sri Lanka",1,"Ampara",7,"Eragama","","","Division","Division"
33483,215,"LKA","Sri Lanka",1,"Ampara",8,"Kalmunai","","","Division","Division"
33484,215,"LKA","Sri Lanka",1,"Ampara",9,"Karativu","","","Division","Division"
33485,215,"LKA","Sri Lanka",1,"Ampara",10,"Lahugala","","","Division","Division"
33486,215,"LKA","Sri Lanka",1,"Ampara",11,"Mahaoya","","","Division","Division"
33487,215,"LKA","Sri Lanka",1,"Ampara",12,"Navithanveli","","","Division","Division"
33488,215,"LKA","Sri Lanka",1,"Ampara",13,"Ninthavur","","","Division","Division"
33489,215,"LKA","Sri Lanka",1,"Ampara",14,"Padiyathalawa","","","Division","Division"
33490,215,"LKA","Sri Lanka",1,"Ampara",15,"Pothuvil","","","Division","Division"
33491,215,"LKA","Sri Lanka",1,"Ampara",16,"Sainthamarathu","","","Division","Division"
33492,215,"LKA","Sri Lanka",1,"Ampara",17,"Samanthurai","","","Division","Division"
33493,215,"LKA","Sri Lanka",1,"Ampara",18,"Thirukkovil","","","Division","Division"
33494,215,"LKA","Sri Lanka",1,"Ampara",19,"Uhana","","","Division","Division"
33495,215,"LKA","Sri Lanka",2,"Anuradhapura",20,"Galenbindunuwewa","","","Division","Division"
33496,215,"LKA","Sri Lanka",2,"Anuradhapura",21,"Galnewa","","","Division","Division"
33497,215,"LKA","Sri Lanka",2,"Anuradhapura",22,"Horowpothana","","","Division","Division"
33498,215,"LKA","Sri Lanka",2,"Anuradhapura",23,"Ipalogama","","","Division","Division"
33499,215,"LKA","Sri Lanka",2,"Anuradhapura",24,"Kahatagasdigiliya","","","Division","Division"
33500,215,"LKA","Sri Lanka",2,"Anuradhapura",25,"Kebithigollewa","","","Division","Division"
33501,215,"LKA","Sri Lanka",2,"Anuradhapura",26,"Kekirawa","","","Division","Division"
33502,215,"LKA","Sri Lanka",2,"Anuradhapura",27,"Maha Vilachchiya","","","Division","Division"
33503,215,"LKA","Sri Lanka",2,"Anuradhapura",28,"Medawachchiya","","","Division","Division"
33504,215,"LKA","Sri Lanka",2,"Anuradhapura",29,"Mihinthale","","","Division","Division"
33505,215,"LKA","Sri Lanka",2,"Anuradhapura",30,"N. Palatha Central","","Nuwaragam Palatha Central","Division","Division"
33506,215,"LKA","Sri Lanka",2,"Anuradhapura",31,"N. Palatha East","","Nuwaragam Palatha East","Division","Division"
33507,215,"LKA","Sri Lanka",2,"Anuradhapura",32,"Nachchadoowa","","","Division","Division"
33508,215,"LKA","Sri Lanka",2,"Anuradhapura",33,"Nochchiyagama","","","Division","Division"
33509,215,"LKA","Sri Lanka",2,"Anuradhapura",34,"Padaviya","","","Division","Division"
33510,215,"LKA","Sri Lanka",2,"Anuradhapura",35,"Palagala","","","Division","Division"
33511,215,"LKA","Sri Lanka",2,"Anuradhapura",36,"Palugaswewa","","","Division","Division"
33512,215,"LKA","Sri Lanka",2,"Anuradhapura",37,"Rajanganaya","","","Division","Division"
33513,215,"LKA","Sri Lanka",2,"Anuradhapura",38,"Rambewa","","","Division","Division"
33514,215,"LKA","Sri Lanka",2,"Anuradhapura",39,"Thalawa","","","Division","Division"
33515,215,"LKA","Sri Lanka",2,"Anuradhapura",40,"Thambuttegama","","","Division","Division"
33516,215,"LKA","Sri Lanka",2,"Anuradhapura",41,"Thirappane","","","Division","Division"
33517,215,"LKA","Sri Lanka",3,"Badulla",42,"Badulla","","","Division","Division"
33518,215,"LKA","Sri Lanka",3,"Badulla",43,"Bandarawela","","","Division","Division"
33519,215,"LKA","Sri Lanka",3,"Badulla",44,"Ella","","","Division","Division"
33520,215,"LKA","Sri Lanka",3,"Badulla",45,"Hali-Ela","","","Division","Division"
33521,215,"LKA","Sri Lanka",3,"Badulla",46,"Haputale","","","Division","Division"
33522,215,"LKA","Sri Lanka",3,"Badulla",47,"Hildummulla","","Haldummulla","Division","Division"
33523,215,"LKA","Sri Lanka",3,"Badulla",48,"Kandaketiya","","","Division","Division"
33524,215,"LKA","Sri Lanka",3,"Badulla",49,"Lunugala","","","Division","Division"
33525,215,"LKA","Sri Lanka",3,"Badulla",50,"Mahiyanganaya","","","Division","Division"
33526,215,"LKA","Sri Lanka",3,"Badulla",51,"Meegahakivula","","","Division","Division"
33527,215,"LKA","Sri Lanka",3,"Badulla",52,"Passara","","","Division","Division"
33528,215,"LKA","Sri Lanka",3,"Badulla",53,"Rideemaliyadda","","","Division","Division"
33529,215,"LKA","Sri Lanka",3,"Badulla",54,"Soranathota","","","Division","Division"
33530,215,"LKA","Sri Lanka",3,"Badulla",55,"Uva Paranagama","","Paranagama","Division","Division"
33531,215,"LKA","Sri Lanka",3,"Badulla",56,"Welimada","","","Division","Division"
33532,215,"LKA","Sri Lanka",4,"Batticaloa",57,"Eravur Pattu","","","Division","Division"
33533,215,"LKA","Sri Lanka",4,"Batticaloa",58,"Eravur Town","","","Division","Division"
33534,215,"LKA","Sri Lanka",4,"Batticaloa",59,"Kattankudy","","","Division","Division"
33535,215,"LKA","Sri Lanka",4,"Batticaloa",60,"Koralai Pattu (Valachchenai)","","","Division","Division"
33536,215,"LKA","Sri Lanka",4,"Batticaloa",61,"Koralai Pattu North","","","Division","Division"
33537,215,"LKA","Sri Lanka",4,"Batticaloa",62,"Koralai Pattu West (Oddamavadi)","","","Division","Division"
33538,215,"LKA","Sri Lanka",4,"Batticaloa",63,"Manmunai North","","","Division","Division"
33539,215,"LKA","Sri Lanka",4,"Batticaloa",64,"Manmunai Pattu (Araipattai)","","","Division","Division"
33540,215,"LKA","Sri Lanka",4,"Batticaloa",65,"Manmunai South-West","","","Division","Division"
33541,215,"LKA","Sri Lanka",4,"Batticaloa",66,"Manmunai South and Eruvilpattu","","Manmunai South & Eruvil Pattu","Division","Division"
33542,215,"LKA","Sri Lanka",4,"Batticaloa",67,"Manmunai West","","","Division","Division"
33543,215,"LKA","Sri Lanka",4,"Batticaloa",68,"Porativu Pattu","","Porativu Pattu (1)","Division","Division"
33544,215,"LKA","Sri Lanka",5,"Colombo",69,"Colombo","","","Division","Division"
33545,215,"LKA","Sri Lanka",5,"Colombo",70,"Dehiwala-Mount Lavinia","","","Division","Division"
33546,215,"LKA","Sri Lanka",5,"Colombo",71,"Hanwella","","","Division","Division"
33547,215,"LKA","Sri Lanka",5,"Colombo",72,"Homagama","","","Division","Division"
33548,215,"LKA","Sri Lanka",5,"Colombo",73,"Kaduwela","","","Division","Division"
33549,215,"LKA","Sri Lanka",5,"Colombo",74,"Kesbewa","","","Division","Division"
33550,215,"LKA","Sri Lanka",5,"Colombo",75,"Kolonnawa","","","Division","Division"
33551,215,"LKA","Sri Lanka",5,"Colombo",76,"Maharagama","","","Division","Division"
33552,215,"LKA","Sri Lanka",5,"Colombo",77,"Moratuwa","","","Division","Division"
33553,215,"LKA","Sri Lanka",5,"Colombo",78,"Padukka","","","Division","Division"
33554,215,"LKA","Sri Lanka",5,"Colombo",79,"Sri Jayawardanapura Kotte","","","Division","Division"
33555,215,"LKA","Sri Lanka",5,"Colombo",80,"Thimbirigasyaya","","","Division","Division"
33556,215,"LKA","Sri Lanka",6,"Galle",81,"Akmeemana","","","Division","Division"
33557,215,"LKA","Sri Lanka",6,"Galle",82,"Ambalangoda","","","Division","Division"
33558,215,"LKA","Sri Lanka",6,"Galle",83,"Baddegama","","","Division","Division"
33559,215,"LKA","Sri Lanka",6,"Galle",84,"Balapitiya","","","Division","Division"
33560,215,"LKA","Sri Lanka",6,"Galle",85,"Bentota","","Benthota","Division","Division"
33561,215,"LKA","Sri Lanka",6,"Galle",86,"Bope-Poddala","","","Division","Division"
33562,215,"LKA","Sri Lanka",6,"Galle",87,"Elpitiya","","","Division","Division"
33563,215,"LKA","Sri Lanka",6,"Galle",88,"Galle Four Gravets","","","Division","Division"
33564,215,"LKA","Sri Lanka",6,"Galle",89,"Habaraduwa","","","Division","Division"
33565,215,"LKA","Sri Lanka",6,"Galle",90,"Hikkaduwa","","","Division","Division"
33566,215,"LKA","Sri Lanka",6,"Galle",91,"Imaduwa","","","Division","Division"
33567,215,"LKA","Sri Lanka",6,"Galle",92,"Karandeniya","","","Division","Division"
33568,215,"LKA","Sri Lanka",6,"Galle",93,"Nagoda","","","Division","Division"
33569,215,"LKA","Sri Lanka",6,"Galle",94,"Neluwa","","","Division","Division"
33570,215,"LKA","Sri Lanka",6,"Galle",95,"Niyagama","","","Division","Division"
33571,215,"LKA","Sri Lanka",6,"Galle",96,"Thawalama","","","Division","Division"
33572,215,"LKA","Sri Lanka",6,"Galle",97,"Welivitiya-Divithura","","","Division","Division"
33573,215,"LKA","Sri Lanka",6,"Galle",98,"Yakkalamulla","","","Division","Division"
33574,215,"LKA","Sri Lanka",7,"Gampaha",99,"Attanagalla","","","Division","Division"
33575,215,"LKA","Sri Lanka",7,"Gampaha",100,"Biyagama","","","Division","Division"
33576,215,"LKA","Sri Lanka",7,"Gampaha",101,"Divulapitiya","","","Division","Division"
33577,215,"LKA","Sri Lanka",7,"Gampaha",102,"Dompe","","","Division","Division"
33578,215,"LKA","Sri Lanka",7,"Gampaha",103,"Gampaha","","","Division","Division"
33579,215,"LKA","Sri Lanka",7,"Gampaha",104,"Ja-Ela","","","Division","Division"
33580,215,"LKA","Sri Lanka",7,"Gampaha",105,"Katana","","","Division","Division"
33581,215,"LKA","Sri Lanka",7,"Gampaha",106,"Kelaniya","","","Division","Division"
33582,215,"LKA","Sri Lanka",7,"Gampaha",107,"Mahara","","","Division","Division"
33583,215,"LKA","Sri Lanka",7,"Gampaha",108,"Minuwangoda","","","Division","Division"
33584,215,"LKA","Sri Lanka",7,"Gampaha",109,"Mirigama","","","Division","Division"
33585,215,"LKA","Sri Lanka",7,"Gampaha",110,"Negombo","","","Division","Division"
33586,215,"LKA","Sri Lanka",7,"Gampaha",111,"Wattala","","","Division","Division"
33587,215,"LKA","Sri Lanka",8,"Hambantota",112,"Ambalanthota","","Ambalantota","Division","Division"
33588,215,"LKA","Sri Lanka",8,"Hambantota",113,"Angunakolapelessa","","","Division","Division"
33589,215,"LKA","Sri Lanka",8,"Hambantota",114,"Beliatta","","","Division","Division"
33590,215,"LKA","Sri Lanka",8,"Hambantota",115,"Hambantota","","","Division","Division"
33591,215,"LKA","Sri Lanka",8,"Hambantota",116,"Katuwana","","","Division","Division"
33592,215,"LKA","Sri Lanka",8,"Hambantota",117,"Lunugamvehera","","","Division","Division"
33593,215,"LKA","Sri Lanka",8,"Hambantota",118,"Okewela","","","Division","Division"
33594,215,"LKA","Sri Lanka",8,"Hambantota",119,"Sooriyawewa","","","Division","Division"
33595,215,"LKA","Sri Lanka",8,"Hambantota",120,"Tangalle","","","Division","Division"
33596,215,"LKA","Sri Lanka",8,"Hambantota",121,"Thissamaharama","","","Division","Division"
33597,215,"LKA","Sri Lanka",8,"Hambantota",122,"Weeraketiya","","","Division","Division"
33598,215,"LKA","Sri Lanka",9,"Jaffna",123,"Delft","","","Division","Division"
33599,215,"LKA","Sri Lanka",9,"Jaffna",124,"Island South (Velanai)","","","Division","Division"
33600,215,"LKA","Sri Lanka",9,"Jaffna",125,"Islands North (Kayts)","","Island North (Kayts)","Division","Division"
33601,215,"LKA","Sri Lanka",9,"Jaffna",126,"Jaffna","","","Division","Division"
33602,215,"LKA","Sri Lanka",9,"Jaffna",127,"Nallur","","","Division","Division"
33603,215,"LKA","Sri Lanka",9,"Jaffna",128,"Thenmaradchy (Chavakachcheri)","","Thenmaradchi (Chavakachcheri)","Division","Division"
33604,215,"LKA","Sri Lanka",9,"Jaffna",129,"Vadamaradchi South-West","","Vadamaradchi South-west|Karaveddy","Division","Division"
33605,215,"LKA","Sri Lanka",9,"Jaffna",130,"Vadamaradchy East","","Vadamaradchi East","Division","Division"
33606,215,"LKA","Sri Lanka",9,"Jaffna",131,"Vadamaradchy North","","Vadamaradchi North|Point Perdro|Pointpedro","Division","Division"
33607,215,"LKA","Sri Lanka",9,"Jaffna",132,"Valikamam East","","Kopay","Division","Division"
33608,215,"LKA","Sri Lanka",9,"Jaffna",133,"Valikamam North","","","Division","Division"
33609,215,"LKA","Sri Lanka",9,"Jaffna",134,"Valikamam South-West","","Valikamam South -West|Sandilipay","Division","Division"
33610,215,"LKA","Sri Lanka",9,"Jaffna",135,"Valikamam South","","Uduvil","Division","Division"
33611,215,"LKA","Sri Lanka",9,"Jaffna",136,"Valikamam West","","Chankanai","Division","Division"
33612,215,"LKA","Sri Lanka",10,"Kalutara",137,"Agalawatta","","","Division","Division"
33613,215,"LKA","Sri Lanka",10,"Kalutara",138,"Bandaragama","","","Division","Division"
33614,215,"LKA","Sri Lanka",10,"Kalutara",139,"Beruwala","","","Division","Division"
33615,215,"LKA","Sri Lanka",10,"Kalutara",140,"Bulathsinhala","","","Division","Division"
33616,215,"LKA","Sri Lanka",10,"Kalutara",141,"Dodangoda","","","Division","Division"
33617,215,"LKA","Sri Lanka",10,"Kalutara",142,"Horana","","","Division","Division"
33618,215,"LKA","Sri Lanka",10,"Kalutara",143,"Ingiriya","","","Division","Division"
33619,215,"LKA","Sri Lanka",10,"Kalutara",144,"Kalutara","","","Division","Division"
33620,215,"LKA","Sri Lanka",10,"Kalutara",145,"Madurawala","","","Division","Division"
33621,215,"LKA","Sri Lanka",10,"Kalutara",146,"Mathugama","","","Division","Division"
33622,215,"LKA","Sri Lanka",10,"Kalutara",147,"Millaniya","","","Division","Division"
33623,215,"LKA","Sri Lanka",10,"Kalutara",148,"Palindanuwara","","","Division","Division"
33624,215,"LKA","Sri Lanka",10,"Kalutara",149,"Panadura","","","Division","Division"
33625,215,"LKA","Sri Lanka",10,"Kalutara",150,"Walallawita","","Walallavita","Division","Division"
33626,215,"LKA","Sri Lanka",11,"Kandy",151,"Akurana","","","Division","Division"
33627,215,"LKA","Sri Lanka",11,"Kandy",152,"Delthota","","","Division","Division"
33628,215,"LKA","Sri Lanka",11,"Kandy",153,"Doluwa","","","Division","Division"
33629,215,"LKA","Sri Lanka",11,"Kandy",154,"Ganga Ihala Korale","","","Division","Division"
33630,215,"LKA","Sri Lanka",11,"Kandy",155,"Harispattuwa","","","Division","Division"
33631,215,"LKA","Sri Lanka",11,"Kandy",156,"Hatharaliyadda","","","Division","Division"
33632,215,"LKA","Sri Lanka",11,"Kandy",157,"K.F.G. & G. Korale","","Kandy Four Gravets & Gangawata Korale","Division","Division"
33633,215,"LKA","Sri Lanka",11,"Kandy",158,"Kundasale","","","Division","Division"
33634,215,"LKA","Sri Lanka",11,"Kandy",159,"Medadumbara","","","Division","Division"
33635,215,"LKA","Sri Lanka",11,"Kandy",160,"Minipe","","","Division","Division"
33636,215,"LKA","Sri Lanka",11,"Kandy",161,"Panvila","","","Division","Division"
33637,215,"LKA","Sri Lanka",11,"Kandy",162,"Pasbage Korale","","","Division","Division"
33638,215,"LKA","Sri Lanka",11,"Kandy",163,"Pathadumbara","","","Division","Division"
33639,215,"LKA","Sri Lanka",11,"Kandy",164,"Pathahewaheta","","","Division","Division"
33640,215,"LKA","Sri Lanka",11,"Kandy",165,"Poojapitiya","","","Division","Division"
33641,215,"LKA","Sri Lanka",11,"Kandy",166,"Thumpane","","","Division","Division"
33642,215,"LKA","Sri Lanka",11,"Kandy",167,"Udadumbara","","","Division","Division"
33643,215,"LKA","Sri Lanka",11,"Kandy",168,"Udapalatha","","","Division","Division"
33644,215,"LKA","Sri Lanka",11,"Kandy",169,"Udunuwara","","","Division","Division"
33645,215,"LKA","Sri Lanka",11,"Kandy",170,"Yatinuwara","","","Division","Division"
33646,215,"LKA","Sri Lanka",12,"Kegalle",171,"Aranayaka","","","Division","Division"
33647,215,"LKA","Sri Lanka",12,"Kegalle",172,"Bulathkohupitiya","","","Division","Division"
33648,215,"LKA","Sri Lanka",12,"Kegalle",173,"Dehiovita","","","Division","Division"
33649,215,"LKA","Sri Lanka",12,"Kegalle",174,"Deraniyagala","","","Division","Division"
33650,215,"LKA","Sri Lanka",12,"Kegalle",175,"Galigamuwa","","","Division","Division"
33651,215,"LKA","Sri Lanka",12,"Kegalle",176,"Kegalle","","","Division","Division"
33652,215,"LKA","Sri Lanka",12,"Kegalle",177,"Mawanella","","","Division","Division"
33653,215,"LKA","Sri Lanka",12,"Kegalle",178,"Rambukkana","","","Division","Division"
33654,215,"LKA","Sri Lanka",12,"Kegalle",179,"Ruwanwella","","","Division","Division"
33655,215,"LKA","Sri Lanka",12,"Kegalle",180,"Warakapola","","","Division","Division"
33656,215,"LKA","Sri Lanka",12,"Kegalle",181,"Yatiyanthota","","","Division","Division"
33657,215,"LKA","Sri Lanka",13,"Kilinochchi",182,"Kandawali","","Kandavalai","Division","Division"
33658,215,"LKA","Sri Lanka",13,"Kilinochchi",183,"Karachchi","","","Division","Division"
33659,215,"LKA","Sri Lanka",13,"Kilinochchi",184,"Pachchilaipalli","","","Division","Division"
33660,215,"LKA","Sri Lanka",13,"Kilinochchi",185,"Poonakary","","","Division","Division"
33661,215,"LKA","Sri Lanka",14,"Kurunegala",186,"Alawwa","","","Division","Division"
33662,215,"LKA","Sri Lanka",14,"Kurunegala",187,"Ambanpola","","","Division","Division"
33663,215,"LKA","Sri Lanka",14,"Kurunegala",188,"Bamunakotuwa","","","Division","Division"
33664,215,"LKA","Sri Lanka",14,"Kurunegala",189,"Bingiriya","","","Division","Division"
33665,215,"LKA","Sri Lanka",14,"Kurunegala",190,"Ehetuwewa","","","Division","Division"
33666,215,"LKA","Sri Lanka",14,"Kurunegala",191,"Galgamuwa","","","Division","Division"
33667,215,"LKA","Sri Lanka",14,"Kurunegala",192,"Ganewatta","","","Division","Division"
33668,215,"LKA","Sri Lanka",14,"Kurunegala",193,"Giribawa","","","Division","Division"
33669,215,"LKA","Sri Lanka",14,"Kurunegala",194,"Ibbagamuwa","","","Division","Division"
33670,215,"LKA","Sri Lanka",14,"Kurunegala",195,"Katupotha","","","Division","Division"
33671,215,"LKA","Sri Lanka",14,"Kurunegala",196,"Kobeigane","","","Division","Division"
33672,215,"LKA","Sri Lanka",14,"Kurunegala",197,"Kotavehera","","","Division","Division"
33673,215,"LKA","Sri Lanka",14,"Kurunegala",198,"Kuliyapitiya East","","","Division","Division"
33674,215,"LKA","Sri Lanka",14,"Kurunegala",199,"Kuliyapitiya West","","","Division","Division"
33675,215,"LKA","Sri Lanka",14,"Kurunegala",200,"Kurunegala","","","Division","Division"
33676,215,"LKA","Sri Lanka",14,"Kurunegala",201,"Mahawa","","Maho","Division","Division"
33677,215,"LKA","Sri Lanka",14,"Kurunegala",202,"Mallawapitiya","","","Division","Division"
33678,215,"LKA","Sri Lanka",14,"Kurunegala",203,"Maspotha","","","Division","Division"
33679,215,"LKA","Sri Lanka",14,"Kurunegala",204,"Mawathagama","","","Division","Division"
33680,215,"LKA","Sri Lanka",14,"Kurunegala",205,"Narammala","","","Division","Division"
33681,215,"LKA","Sri Lanka",14,"Kurunegala",206,"Nikaweratiya","","","Division","Division"
33682,215,"LKA","Sri Lanka",14,"Kurunegala",207,"Panduwasnuwara","","","Division","Division"
33683,215,"LKA","Sri Lanka",14,"Kurunegala",208,"Pannala","","","Division","Division"
33684,215,"LKA","Sri Lanka",14,"Kurunegala",209,"Polgahawela","","","Division","Division"
33685,215,"LKA","Sri Lanka",14,"Kurunegala",210,"Polpithigama","","","Division","Division"
33686,215,"LKA","Sri Lanka",14,"Kurunegala",211,"Rasnayakapura","","","Division","Division"
33687,215,"LKA","Sri Lanka",14,"Kurunegala",212,"Rideegama","","","Division","Division"
33688,215,"LKA","Sri Lanka",14,"Kurunegala",213,"Udubaddawa","","","Division","Division"
33689,215,"LKA","Sri Lanka",14,"Kurunegala",214,"Wariyapola","","","Division","Division"
33690,215,"LKA","Sri Lanka",14,"Kurunegala",215,"Weerambugedara","","","Division","Division"
33691,215,"LKA","Sri Lanka",15,"Mannar",216,"Madhu","","","Division","Division"
33692,215,"LKA","Sri Lanka",15,"Mannar",217,"Mannar Town","","","Division","Division"
33693,215,"LKA","Sri Lanka",15,"Mannar",218,"Manthai West","","","Division","Division"
33694,215,"LKA","Sri Lanka",15,"Mannar",219,"Musali","","Musalai","Division","Division"
33695,215,"LKA","Sri Lanka",15,"Mannar",220,"Nanaddan","","","Division","Division"
33696,215,"LKA","Sri Lanka",16,"Matale",221,"Ambanganga Korale","","","Division","Division"
33697,215,"LKA","Sri Lanka",16,"Matale",222,"Dambulla","","","Division","Division"
33698,215,"LKA","Sri Lanka",16,"Matale",223,"Galewela","","","Division","Division"
33699,215,"LKA","Sri Lanka",16,"Matale",224,"Laggala-Pallegama","","","Division","Division"
33700,215,"LKA","Sri Lanka",16,"Matale",225,"Matale","","","Division","Division"
33701,215,"LKA","Sri Lanka",16,"Matale",226,"Naula","","","Division","Division"
33702,215,"LKA","Sri Lanka",16,"Matale",227,"Pallepola","","","Division","Division"
33703,215,"LKA","Sri Lanka",16,"Matale",228,"Rattota","","","Division","Division"
33704,215,"LKA","Sri Lanka",16,"Matale",229,"Ukuwela","","","Division","Division"
33705,215,"LKA","Sri Lanka",16,"Matale",230,"Wilgamuwa","","","Division","Division"
33706,215,"LKA","Sri Lanka",16,"Matale",231,"Yatawatta","","","Division","Division"
33707,215,"LKA","Sri Lanka",17,"Matara",232,"Akuressa","","","Division","Division"
33708,215,"LKA","Sri Lanka",17,"Matara",233,"Athuraliya","","","Division","Division"
33709,215,"LKA","Sri Lanka",17,"Matara",234,"Devinuwara","","","Division","Division"
33710,215,"LKA","Sri Lanka",17,"Matara",235,"Dickwella","","","Division","Division"
33711,215,"LKA","Sri Lanka",17,"Matara",236,"Hakmana","","","Division","Division"
33712,215,"LKA","Sri Lanka",17,"Matara",237,"Kamburupitiya","","","Division","Division"
33713,215,"LKA","Sri Lanka",17,"Matara",238,"Kirinda-Puhulwella","","Kirinda Puhulwella","Division","Division"
33714,215,"LKA","Sri Lanka",17,"Matara",239,"Kotapola","","","Division","Division"
33715,215,"LKA","Sri Lanka",17,"Matara",240,"Malimbada","","","Division","Division"
33716,215,"LKA","Sri Lanka",17,"Matara",241,"Matara Four Gravets","","","Division","Division"
33717,215,"LKA","Sri Lanka",17,"Matara",242,"Mulatiyana","","","Division","Division"
33718,215,"LKA","Sri Lanka",17,"Matara",243,"Pasgoda","","","Division","Division"
33719,215,"LKA","Sri Lanka",17,"Matara",244,"Pitabeddara","","","Division","Division"
33720,215,"LKA","Sri Lanka",17,"Matara",245,"Thihagoda","","","Division","Division"
33721,215,"LKA","Sri Lanka",17,"Matara",246,"Weligama","","","Division","Division"
33722,215,"LKA","Sri Lanka",17,"Matara",247,"Welipitiya","","","Division","Division"
33723,215,"LKA","Sri Lanka",18,"Moneragala",248,"Badalkumbura","","","Division","Division"
33724,215,"LKA","Sri Lanka",18,"Moneragala",249,"Bibile","","","Division","Division"
33725,215,"LKA","Sri Lanka",18,"Moneragala",250,"Buttala","","","Division","Division"
33726,215,"LKA","Sri Lanka",18,"Moneragala",251,"Katharagama","","","Division","Division"
33727,215,"LKA","Sri Lanka",18,"Moneragala",252,"Madulla","","","Division","Division"
33728,215,"LKA","Sri Lanka",18,"Moneragala",253,"Medagama","","","Division","Division"
33729,215,"LKA","Sri Lanka",18,"Moneragala",254,"Moneragala","","","Division","Division"
33730,215,"LKA","Sri Lanka",18,"Moneragala",255,"Sevanagala","","","Division","Division"
33731,215,"LKA","Sri Lanka",18,"Moneragala",256,"Siyambalanduwa","","","Division","Division"
33732,215,"LKA","Sri Lanka",18,"Moneragala",257,"Thanamalvila","","","Division","Division"
33733,215,"LKA","Sri Lanka",18,"Moneragala",258,"Wellawaya","","","Division","Division"
33734,215,"LKA","Sri Lanka",19,"Mullaitivu",259,"Manthai East","","","Division","Division"
33735,215,"LKA","Sri Lanka",19,"Mullaitivu",260,"Maritimepattu","","","Division","Division"
33736,215,"LKA","Sri Lanka",19,"Mullaitivu",261,"Oddusuddan","","","Division","Division"
33737,215,"LKA","Sri Lanka",19,"Mullaitivu",262,"Puthukudiyiruppu","","","Division","Division"
33738,215,"LKA","Sri Lanka",19,"Mullaitivu",263,"Thunukkai","","","Division","Division"
33739,215,"LKA","Sri Lanka",20,"Nuwara Eliya",264,"Ambagamuwa","","","Division","Division"
33740,215,"LKA","Sri Lanka",20,"Nuwara Eliya",265,"Hanguranketha","","","Division","Division"
33741,215,"LKA","Sri Lanka",20,"Nuwara Eliya",266,"Kothmale","","","Division","Division"
33742,215,"LKA","Sri Lanka",20,"Nuwara Eliya",267,"Nuwara Eliya","","","Division","Division"
33743,215,"LKA","Sri Lanka",20,"Nuwara Eliya",268,"Walapane","","","Division","Division"
33744,215,"LKA","Sri Lanka",21,"Polonnaruwa",269,"Dimbulagala","","","Division","Division"
33745,215,"LKA","Sri Lanka",21,"Polonnaruwa",270,"Elahera","","","Division","Division"
33746,215,"LKA","Sri Lanka",21,"Polonnaruwa",271,"Hingurakgoda","","","Division","Division"
33747,215,"LKA","Sri Lanka",21,"Polonnaruwa",272,"Lankapura","","","Division","Division"
33748,215,"LKA","Sri Lanka",21,"Polonnaruwa",273,"Medirigiriya","","","Division","Division"
33749,215,"LKA","Sri Lanka",21,"Polonnaruwa",274,"Thamankaduwa","","","Division","Division"
33750,215,"LKA","Sri Lanka",21,"Polonnaruwa",275,"Welikanda","","","Division","Division"
33751,215,"LKA","Sri Lanka",22,"Puttalam",276,"Anamaduwa","","","Division","Division"
33752,215,"LKA","Sri Lanka",22,"Puttalam",277,"Arachchikattuwa PS","","Arachchikattuwa","Division","Division"
33753,215,"LKA","Sri Lanka",22,"Puttalam",278,"Chilaw","","","Division","Division"
33754,215,"LKA","Sri Lanka",22,"Puttalam",279,"Dankotuwa","","","Division","Division"
33755,215,"LKA","Sri Lanka",22,"Puttalam",280,"Kalpitiya","","","Division","Division"
33756,215,"LKA","Sri Lanka",22,"Puttalam",281,"Karuwalagaswewa","","","Division","Division"
33757,215,"LKA","Sri Lanka",22,"Puttalam",282,"Madampe","","","Division","Division"
33758,215,"LKA","Sri Lanka",22,"Puttalam",283,"Mahakumbukkadawala","","","Division","Division"
33759,215,"LKA","Sri Lanka",22,"Puttalam",284,"Mahawewa","","","Division","Division"
33760,215,"LKA","Sri Lanka",22,"Puttalam",285,"Mundalama","","Mundel","Division","Division"
33761,215,"LKA","Sri Lanka",22,"Puttalam",286,"Nattandiya","","","Division","Division"
33762,215,"LKA","Sri Lanka",22,"Puttalam",287,"Nawagattegama","","","Division","Division"
33763,215,"LKA","Sri Lanka",22,"Puttalam",288,"Pallama","","","Division","Division"
33764,215,"LKA","Sri Lanka",22,"Puttalam",289,"Puttalam","","","Division","Division"
33765,215,"LKA","Sri Lanka",22,"Puttalam",290,"Vanathavilluwa","","","Division","Division"
33766,215,"LKA","Sri Lanka",22,"Puttalam",291,"Wennappuwa","","","Division","Division"
33767,215,"LKA","Sri Lanka",23,"Ratnapura",292,"Ayagama","","","Division","Division"
33768,215,"LKA","Sri Lanka",23,"Ratnapura",293,"Balangoda","","","Division","Division"
33769,215,"LKA","Sri Lanka",23,"Ratnapura",294,"Eheliyagoda","","","Division","Division"
33770,215,"LKA","Sri Lanka",23,"Ratnapura",295,"Elapatha","","","Division","Division"
33771,215,"LKA","Sri Lanka",23,"Ratnapura",296,"Embilipitiya","","","Division","Division"
33772,215,"LKA","Sri Lanka",23,"Ratnapura",297,"Godakawela","","","Division","Division"
33773,215,"LKA","Sri Lanka",23,"Ratnapura",298,"Imbulpe","","","Division","Division"
33774,215,"LKA","Sri Lanka",23,"Ratnapura",299,"Kahawatta","","","Division","Division"
33775,215,"LKA","Sri Lanka",23,"Ratnapura",300,"Kalawana","","","Division","Division"
33776,215,"LKA","Sri Lanka",23,"Ratnapura",301,"Kiriella","","","Division","Division"
33777,215,"LKA","Sri Lanka",23,"Ratnapura",302,"Kolonna","","","Division","Division"
33778,215,"LKA","Sri Lanka",23,"Ratnapura",303,"Kuruvita","","","Division","Division"
33779,215,"LKA","Sri Lanka",23,"Ratnapura",304,"Nivithigala","","","Division","Division"
33780,215,"LKA","Sri Lanka",23,"Ratnapura",305,"Opanayaka","","","Division","Division"
33781,215,"LKA","Sri Lanka",23,"Ratnapura",306,"Pelmadulla","","","Division","Division"
33782,215,"LKA","Sri Lanka",23,"Ratnapura",307,"Ratnapura","","","Division","Division"
33783,215,"LKA","Sri Lanka",23,"Ratnapura",308,"Weligepola","","","Division","Division"
33784,215,"LKA","Sri Lanka",24,"Trincomalee",309,"Gomarankadawala","","","Division","Division"
33785,215,"LKA","Sri Lanka",24,"Trincomalee",310,"Kantalai","","","Division","Division"
33786,215,"LKA","Sri Lanka",24,"Trincomalee",311,"Kinniya","","","Division","Division"
33787,215,"LKA","Sri Lanka",24,"Trincomalee",312,"Kuchchaveli","","","Division","Division"
33788,215,"LKA","Sri Lanka",24,"Trincomalee",313,"Morawewa","","","Division","Division"
33789,215,"LKA","Sri Lanka",24,"Trincomalee",314,"Muttur","","","Division","Division"
33790,215,"LKA","Sri Lanka",24,"Trincomalee",315,"Padavi Sri Pura","","","Division","Division"
33791,215,"LKA","Sri Lanka",24,"Trincomalee",316,"Seruvila","","","Division","Division"
